{
    "best_val_loss": 0.0493926619955649,
    "train_loss": 0.045190159061594924,
    "epoch": 33
}